FeedbackID,CustomerID,Rating,SubmittedDate
FDB4000,CUST1000,1,1/1/2023
FDB4001,CUST1001,1,1/4/2023
FDB4002,CUST1002,3,1/7/2023
FDB4003,CUST1003,4,1/10/2023
FDB4004,CUST1004,2,1/13/2023
FDB4005,CUST1005,1,1/16/2023
FDB4006,CUST1006,2,1/19/2023
FDB4007,CUST1007,4,1/22/2023
FDB4008,CUST1008,4,1/25/2023
FDB4009,CUST1009,5,1/28/2023
FDB4010,CUST1010,4,1/31/2023
FDB4011,CUST1011,3,2/3/2023
FDB4012,CUST1012,1,2/6/2023
FDB4013,CUST1013,5,2/9/2023
FDB4014,CUST1014,3,2/12/2023
FDB4015,CUST1015,2,2/15/2023
FDB4016,CUST1016,1,2/18/2023
FDB4017,CUST1017,4,2/21/2023
FDB4018,CUST1018,1,2/24/2023
FDB4019,CUST1019,2,2/27/2023
FDB4020,CUST1020,5,3/2/2023
FDB4021,CUST1021,5,3/5/2023
FDB4022,CUST1022,5,3/8/2023
FDB4023,CUST1023,4,3/11/2023
FDB4024,CUST1024,3,3/14/2023
FDB4025,CUST1025,3,3/17/2023
FDB4026,CUST1026,1,3/20/2023
FDB4027,CUST1027,4,3/23/2023
FDB4028,CUST1028,5,3/26/2023
FDB4029,CUST1029,5,3/29/2023
FDB4030,CUST1030,2,4/1/2023
FDB4031,CUST1031,2,4/4/2023
FDB4032,CUST1032,5,4/7/2023
FDB4033,CUST1033,5,4/10/2023
FDB4034,CUST1034,4,4/13/2023
FDB4035,CUST1035,3,4/16/2023
FDB4036,CUST1036,2,4/19/2023
FDB4037,CUST1037,3,4/22/2023
FDB4038,CUST1038,4,4/25/2023
FDB4039,CUST1039,5,4/28/2023
FDB4040,CUST1040,3,5/1/2023
FDB4041,CUST1041,5,5/4/2023
FDB4042,CUST1042,5,5/7/2023
FDB4043,CUST1043,1,5/10/2023
FDB4044,CUST1044,3,5/13/2023
FDB4045,CUST1045,3,5/16/2023
FDB4046,CUST1046,5,5/19/2023
FDB4047,CUST1047,4,5/22/2023
FDB4048,CUST1048,1,5/25/2023
FDB4049,CUST1049,5,5/28/2023
FDB4050,CUST1050,2,5/31/2023
FDB4051,CUST1051,2,6/3/2023
FDB4052,CUST1052,1,6/6/2023
FDB4053,CUST1053,4,6/9/2023
FDB4054,CUST1054,5,6/12/2023
FDB4055,CUST1055,3,6/15/2023
FDB4056,CUST1056,1,6/18/2023
FDB4057,CUST1057,4,6/21/2023
FDB4058,CUST1058,3,6/24/2023
FDB4059,CUST1059,2,6/27/2023
FDB4060,CUST1060,2,6/30/2023
FDB4061,CUST1061,3,7/3/2023
FDB4062,CUST1062,1,7/6/2023
FDB4063,CUST1063,2,7/9/2023
FDB4064,CUST1064,5,7/12/2023
FDB4065,CUST1065,3,7/15/2023
FDB4066,CUST1066,3,7/18/2023
FDB4067,CUST1067,2,7/21/2023
FDB4068,CUST1068,1,7/24/2023
FDB4069,CUST1069,5,7/27/2023
FDB4070,CUST1070,1,7/30/2023
FDB4071,CUST1071,4,8/2/2023
FDB4072,CUST1072,4,8/5/2023
FDB4073,CUST1073,2,8/8/2023
FDB4074,CUST1074,2,8/11/2023
FDB4075,CUST1075,2,8/14/2023
FDB4076,CUST1076,4,8/17/2023
FDB4077,CUST1077,1,8/20/2023
FDB4078,CUST1078,1,8/23/2023
FDB4079,CUST1079,2,8/26/2023
FDB4080,CUST1080,5,8/29/2023
FDB4081,CUST1081,1,9/1/2023
FDB4082,CUST1082,4,9/4/2023
FDB4083,CUST1083,3,9/7/2023
FDB4084,CUST1084,3,9/10/2023
FDB4085,CUST1085,3,9/13/2023
FDB4086,CUST1086,5,9/16/2023
FDB4087,CUST1087,2,9/19/2023
FDB4088,CUST1088,4,9/22/2023
FDB4089,CUST1089,5,9/25/2023
FDB4090,CUST1090,4,9/28/2023
FDB4091,CUST1091,4,10/1/2023
FDB4092,CUST1092,2,10/4/2023
FDB4093,CUST1093,3,10/7/2023
FDB4094,CUST1094,2,10/10/2023
FDB4095,CUST1095,5,10/13/2023
FDB4096,CUST1096,5,10/16/2023
FDB4097,CUST1097,5,10/19/2023
FDB4098,CUST1098,2,10/22/2023
FDB4099,CUST1099,4,10/25/2023
FDB4100,CUST1100,4,10/28/2023
FDB4101,CUST1101,1,10/31/2023
FDB4102,CUST1102,5,11/3/2023
FDB4103,CUST1103,4,11/6/2023
FDB4104,CUST1104,1,11/9/2023
FDB4105,CUST1105,4,11/12/2023
FDB4106,CUST1106,5,11/15/2023
FDB4107,CUST1107,3,11/18/2023
FDB4108,CUST1108,5,11/21/2023
FDB4109,CUST1109,2,11/24/2023
FDB4110,CUST1110,4,11/27/2023
FDB4111,CUST1111,4,11/30/2023
FDB4112,CUST1112,2,12/3/2023
FDB4113,CUST1113,2,12/6/2023
FDB4114,CUST1114,3,12/9/2023
FDB4115,CUST1115,4,12/12/2023
FDB4116,CUST1116,4,12/15/2023
FDB4117,CUST1117,3,12/18/2023
FDB4118,CUST1118,1,12/21/2023
FDB4119,CUST1119,3,12/24/2023
FDB4120,CUST1120,5,12/27/2023
FDB4121,CUST1121,4,12/30/2023
FDB4122,CUST1122,2,1/2/2024
FDB4123,CUST1123,5,1/5/2024
FDB4124,CUST1124,4,1/8/2024
FDB4125,CUST1125,3,1/11/2024
FDB4126,CUST1126,5,1/14/2024
FDB4127,CUST1127,4,1/17/2024
FDB4128,CUST1128,1,1/20/2024
FDB4129,CUST1129,1,1/23/2024
FDB4130,CUST1130,2,1/26/2024
FDB4131,CUST1131,4,1/29/2024
FDB4132,CUST1132,1,2/1/2024
FDB4133,CUST1133,3,2/4/2024
FDB4134,CUST1134,4,2/7/2024
FDB4135,CUST1135,3,2/10/2024
FDB4136,CUST1136,3,2/13/2024
FDB4137,CUST1137,1,2/16/2024
FDB4138,CUST1138,4,2/19/2024
FDB4139,CUST1139,5,2/22/2024
FDB4140,CUST1140,1,2/25/2024
FDB4141,CUST1141,1,2/28/2024
FDB4142,CUST1142,4,3/2/2024
FDB4143,CUST1143,4,3/5/2024
FDB4144,CUST1144,3,3/8/2024
FDB4145,CUST1145,4,3/11/2024
FDB4146,CUST1146,3,3/14/2024
FDB4147,CUST1147,1,3/17/2024
FDB4148,CUST1148,2,3/20/2024
FDB4149,CUST1149,5,3/23/2024
FDB4150,CUST1150,1,3/26/2024
FDB4151,CUST1151,4,3/29/2024
FDB4152,CUST1152,5,4/1/2024
FDB4153,CUST1153,2,4/4/2024
FDB4154,CUST1154,2,4/7/2024
FDB4155,CUST1155,3,4/10/2024
FDB4156,CUST1156,5,4/13/2024
FDB4157,CUST1157,3,4/16/2024
FDB4158,CUST1158,1,4/19/2024
FDB4159,CUST1159,5,4/22/2024
FDB4160,CUST1160,1,4/25/2024
FDB4161,CUST1161,3,4/28/2024
FDB4162,CUST1162,5,5/1/2024
FDB4163,CUST1163,3,5/4/2024
FDB4164,CUST1164,5,5/7/2024
FDB4165,CUST1165,3,5/10/2024
FDB4166,CUST1166,2,5/13/2024
FDB4167,CUST1167,3,5/16/2024
FDB4168,CUST1168,2,5/19/2024
FDB4169,CUST1169,3,5/22/2024
FDB4170,CUST1170,5,5/25/2024
FDB4171,CUST1171,5,5/28/2024
FDB4172,CUST1172,5,5/31/2024
FDB4173,CUST1173,4,6/3/2024
FDB4174,CUST1174,1,6/6/2024
FDB4175,CUST1175,5,6/9/2024
FDB4176,CUST1176,2,6/12/2024
FDB4177,CUST1177,5,6/15/2024
FDB4178,CUST1178,4,6/18/2024
FDB4179,CUST1179,2,6/21/2024
FDB4180,CUST1180,4,6/24/2024
FDB4181,CUST1181,2,6/27/2024
FDB4182,CUST1182,3,6/30/2024
FDB4183,CUST1183,1,7/3/2024
FDB4184,CUST1184,1,7/6/2024
FDB4185,CUST1185,4,7/9/2024
FDB4186,CUST1186,1,7/12/2024
FDB4187,CUST1187,4,7/15/2024
FDB4188,CUST1188,4,7/18/2024
FDB4189,CUST1189,4,7/21/2024
FDB4190,CUST1190,1,7/24/2024
FDB4191,CUST1191,4,7/27/2024
FDB4192,CUST1192,1,7/30/2024
FDB4193,CUST1193,4,8/2/2024
FDB4194,CUST1194,5,8/5/2024
FDB4195,CUST1195,4,8/8/2024
FDB4196,CUST1196,2,8/11/2024
FDB4197,CUST1197,4,8/14/2024
FDB4198,CUST1198,3,8/17/2024
FDB4199,CUST1199,4,8/20/2024
FDB4200,CUST1200,2,8/23/2024
FDB4201,CUST1201,2,8/26/2024
FDB4202,CUST1202,1,8/29/2024
FDB4203,CUST1203,5,9/1/2024
FDB4204,CUST1204,4,9/4/2024
FDB4205,CUST1205,1,9/7/2024
FDB4206,CUST1206,5,9/10/2024
FDB4207,CUST1207,4,9/13/2024
FDB4208,CUST1208,3,9/16/2024
FDB4209,CUST1209,4,9/19/2024
FDB4210,CUST1210,2,9/22/2024
FDB4211,CUST1211,2,9/25/2024
FDB4212,CUST1212,3,9/28/2024
FDB4213,CUST1213,1,10/1/2024
FDB4214,CUST1214,5,10/4/2024
FDB4215,CUST1215,4,10/7/2024
FDB4216,CUST1216,2,10/10/2024
FDB4217,CUST1217,1,10/13/2024
FDB4218,CUST1218,3,10/16/2024
FDB4219,CUST1219,2,10/19/2024
FDB4220,CUST1220,3,10/22/2024
FDB4221,CUST1221,4,10/25/2024
FDB4222,CUST1222,5,10/28/2024
FDB4223,CUST1223,2,10/31/2024
FDB4224,CUST1224,2,11/3/2024
FDB4225,CUST1225,4,11/6/2024
FDB4226,CUST1226,1,11/9/2024
FDB4227,CUST1227,5,11/12/2024
FDB4228,CUST1228,2,11/15/2024
FDB4229,CUST1229,5,11/18/2024
FDB4230,CUST1230,2,11/21/2024
FDB4231,CUST1231,5,11/24/2024
FDB4232,CUST1232,3,11/27/2024
FDB4233,CUST1233,2,11/30/2024
FDB4234,CUST1234,5,12/3/2024
FDB4235,CUST1235,1,12/6/2024
FDB4236,CUST1236,3,12/9/2024
FDB4237,CUST1237,3,12/12/2024
FDB4238,CUST1238,1,12/15/2024
FDB4239,CUST1239,5,12/18/2024
FDB4240,CUST1240,4,12/21/2024
FDB4241,CUST1241,1,12/24/2024
FDB4242,CUST1242,5,12/27/2024
FDB4243,CUST1243,1,12/30/2024
FDB4244,CUST1244,1,1/2/2025
FDB4245,CUST1245,2,1/5/2025
FDB4246,CUST1246,5,1/8/2025
FDB4247,CUST1247,4,1/11/2025
FDB4248,CUST1248,2,1/14/2025
FDB4249,CUST1249,1,1/17/2025
FDB4250,CUST1250,1,1/20/2025
FDB4251,CUST1251,1,1/23/2025
FDB4252,CUST1252,5,1/26/2025
FDB4253,CUST1253,5,1/29/2025
FDB4254,CUST1254,2,2/1/2025
FDB4255,CUST1255,4,2/4/2025
FDB4256,CUST1256,2,2/7/2025
FDB4257,CUST1257,3,2/10/2025
FDB4258,CUST1258,1,2/13/2025
FDB4259,CUST1259,1,2/16/2025
FDB4260,CUST1260,1,2/19/2025
FDB4261,CUST1261,2,2/22/2025
FDB4262,CUST1262,2,2/25/2025
FDB4263,CUST1263,1,2/28/2025
FDB4264,CUST1264,2,3/3/2025
FDB4265,CUST1265,5,3/6/2025
FDB4266,CUST1266,5,3/9/2025
FDB4267,CUST1267,2,3/12/2025
FDB4268,CUST1268,1,3/15/2025
FDB4269,CUST1269,2,3/18/2025
FDB4270,CUST1270,2,3/21/2025
FDB4271,CUST1271,2,3/24/2025
FDB4272,CUST1272,3,3/27/2025
FDB4273,CUST1273,5,3/30/2025
FDB4274,CUST1274,4,4/2/2025
FDB4275,CUST1275,4,4/5/2025
FDB4276,CUST1276,3,4/8/2025
FDB4277,CUST1277,2,4/11/2025
FDB4278,CUST1278,3,4/14/2025
FDB4279,CUST1279,3,4/17/2025
FDB4280,CUST1280,1,4/20/2025
FDB4281,CUST1281,5,4/23/2025
FDB4282,CUST1282,4,4/26/2025
FDB4283,CUST1283,2,4/29/2025
FDB4284,CUST1284,4,5/2/2025
FDB4285,CUST1285,4,5/5/2025
FDB4286,CUST1286,5,5/8/2025
FDB4287,CUST1287,4,5/11/2025
FDB4288,CUST1288,4,5/14/2025
FDB4289,CUST1289,3,5/17/2025
FDB4290,CUST1290,5,5/20/2025
FDB4291,CUST1291,1,5/23/2025
FDB4292,CUST1292,2,5/26/2025
FDB4293,CUST1293,4,5/29/2025
FDB4294,CUST1294,2,6/1/2025
FDB4295,CUST1295,1,6/4/2025
FDB4296,CUST1296,2,6/7/2025
FDB4297,CUST1297,1,6/10/2025
FDB4298,CUST1298,3,6/13/2025
FDB4299,CUST1299,4,6/16/2025
FDB4300,CUST1300,1,6/19/2025
FDB4301,CUST1301,2,6/22/2025
FDB4302,CUST1302,4,6/25/2025
FDB4303,CUST1303,3,6/28/2025
FDB4304,CUST1304,4,7/1/2025
FDB4305,CUST1305,1,7/4/2025
FDB4306,CUST1306,3,7/7/2025
FDB4307,CUST1307,2,7/10/2025
FDB4308,CUST1308,3,7/13/2025
FDB4309,CUST1309,3,7/16/2025
FDB4310,CUST1310,5,7/19/2025
FDB4311,CUST1311,3,7/22/2025
FDB4312,CUST1312,3,7/25/2025
FDB4313,CUST1313,4,7/28/2025
FDB4314,CUST1314,2,7/31/2025
FDB4315,CUST1315,4,8/3/2025
FDB4316,CUST1316,4,8/6/2025
FDB4317,CUST1317,1,8/9/2025
FDB4318,CUST1318,4,8/12/2025
FDB4319,CUST1319,5,8/15/2025
FDB4320,CUST1320,5,8/18/2025
FDB4321,CUST1321,1,8/21/2025
FDB4322,CUST1322,2,8/24/2025
FDB4323,CUST1323,2,8/27/2025
FDB4324,CUST1324,4,8/30/2025
FDB4325,CUST1325,4,9/2/2025
FDB4326,CUST1326,4,9/5/2025
FDB4327,CUST1327,2,9/8/2025
FDB4328,CUST1328,3,9/11/2025
FDB4329,CUST1329,5,9/14/2025
FDB4330,CUST1330,3,9/17/2025
FDB4331,CUST1331,3,9/20/2025
FDB4332,CUST1332,2,9/23/2025
FDB4333,CUST1333,3,9/26/2025
FDB4334,CUST1334,1,9/29/2025
FDB4335,CUST1335,4,10/2/2025
FDB4336,CUST1336,1,10/5/2025
FDB4337,CUST1337,5,10/8/2025
FDB4338,CUST1338,4,10/11/2025
FDB4339,CUST1339,3,10/14/2025
FDB4340,CUST1340,5,10/17/2025
FDB4341,CUST1341,4,10/20/2025
FDB4342,CUST1342,3,10/23/2025
FDB4343,CUST1343,1,10/26/2025
FDB4344,CUST1344,4,10/29/2025
FDB4345,CUST1345,3,11/1/2025
FDB4346,CUST1346,1,11/4/2025
FDB4347,CUST1347,5,11/7/2025
FDB4348,CUST1348,5,11/10/2025
FDB4349,CUST1349,5,11/13/2025
FDB4350,CUST1350,5,11/16/2025
FDB4351,CUST1351,2,11/19/2025
FDB4352,CUST1352,4,11/22/2025
FDB4353,CUST1353,4,11/25/2025
FDB4354,CUST1354,2,11/28/2025
FDB4355,CUST1355,3,12/1/2025
FDB4356,CUST1356,3,12/4/2025
FDB4357,CUST1357,5,12/7/2025
FDB4358,CUST1358,1,12/10/2025
FDB4359,CUST1359,3,12/13/2025
FDB4360,CUST1360,1,12/16/2025
FDB4361,CUST1361,4,12/19/2025
FDB4362,CUST1362,1,12/22/2025
FDB4363,CUST1363,4,12/25/2025
FDB4364,CUST1364,2,12/28/2025
FDB4365,CUST1365,2,12/31/2025
FDB4366,CUST1366,5,1/3/2026
FDB4367,CUST1367,3,1/6/2026
FDB4368,CUST1368,5,1/9/2026
FDB4369,CUST1369,4,1/12/2026
FDB4370,CUST1370,5,1/15/2026
FDB4371,CUST1371,1,1/18/2026
FDB4372,CUST1372,4,1/21/2026
FDB4373,CUST1373,2,1/24/2026
FDB4374,CUST1374,3,1/27/2026
FDB4375,CUST1375,4,1/30/2026
FDB4376,CUST1376,4,2/2/2026
FDB4377,CUST1377,1,2/5/2026
FDB4378,CUST1378,3,2/8/2026
FDB4379,CUST1379,2,2/11/2026
FDB4380,CUST1380,4,2/14/2026
FDB4381,CUST1381,4,2/17/2026
FDB4382,CUST1382,1,2/20/2026
FDB4383,CUST1383,5,2/23/2026
FDB4384,CUST1384,2,2/26/2026
FDB4385,CUST1385,3,3/1/2026
FDB4386,CUST1386,4,3/4/2026
FDB4387,CUST1387,4,3/7/2026
FDB4388,CUST1388,2,3/10/2026
FDB4389,CUST1389,5,3/13/2026
FDB4390,CUST1390,4,3/16/2026
FDB4391,CUST1391,2,3/19/2026
FDB4392,CUST1392,1,3/22/2026
FDB4393,CUST1393,5,3/25/2026
FDB4394,CUST1394,3,3/28/2026
FDB4395,CUST1395,4,3/31/2026
FDB4396,CUST1396,2,4/3/2026
FDB4397,CUST1397,1,4/6/2026
FDB4398,CUST1398,3,4/9/2026
FDB4399,CUST1399,2,4/12/2026
FDB4400,CUST1400,2,4/15/2026
FDB4401,CUST1401,3,4/18/2026
FDB4402,CUST1402,1,4/21/2026
FDB4403,CUST1403,1,4/24/2026
FDB4404,CUST1404,5,4/27/2026
FDB4405,CUST1405,4,4/30/2026
FDB4406,CUST1406,3,5/3/2026
FDB4407,CUST1407,3,5/6/2026
FDB4408,CUST1408,3,5/9/2026
FDB4409,CUST1409,1,5/12/2026
FDB4410,CUST1410,4,5/15/2026
FDB4411,CUST1411,5,5/18/2026
FDB4412,CUST1412,2,5/21/2026
FDB4413,CUST1413,2,5/24/2026
FDB4414,CUST1414,3,5/27/2026
FDB4415,CUST1415,4,5/30/2026
FDB4416,CUST1416,1,6/2/2026
FDB4417,CUST1417,4,6/5/2026
FDB4418,CUST1418,4,6/8/2026
FDB4419,CUST1419,1,6/11/2026
FDB4420,CUST1420,3,6/14/2026
FDB4421,CUST1421,4,6/17/2026
FDB4422,CUST1422,2,6/20/2026
FDB4423,CUST1423,1,6/23/2026
FDB4424,CUST1424,5,6/26/2026
FDB4425,CUST1425,3,6/29/2026
FDB4426,CUST1426,1,7/2/2026
FDB4427,CUST1427,5,7/5/2026
FDB4428,CUST1428,5,7/8/2026
FDB4429,CUST1429,4,7/11/2026
FDB4430,CUST1430,4,7/14/2026
FDB4431,CUST1431,4,7/17/2026
FDB4432,CUST1432,1,7/20/2026
FDB4433,CUST1433,1,7/23/2026
FDB4434,CUST1434,3,7/26/2026
FDB4435,CUST1435,4,7/29/2026
FDB4436,CUST1436,5,8/1/2026
FDB4437,CUST1437,2,8/4/2026
FDB4438,CUST1438,3,8/7/2026
FDB4439,CUST1439,1,8/10/2026
FDB4440,CUST1440,3,8/13/2026
FDB4441,CUST1441,3,8/16/2026
FDB4442,CUST1442,3,8/19/2026
FDB4443,CUST1443,3,8/22/2026
FDB4444,CUST1444,2,8/25/2026
FDB4445,CUST1445,4,8/28/2026
FDB4446,CUST1446,5,8/31/2026
FDB4447,CUST1447,3,9/3/2026
FDB4448,CUST1448,3,9/6/2026
FDB4449,CUST1449,3,9/9/2026
FDB4450,CUST1450,4,9/12/2026
FDB4451,CUST1451,1,9/15/2026
FDB4452,CUST1452,1,9/18/2026
FDB4453,CUST1453,2,9/21/2026
FDB4454,CUST1454,1,9/24/2026
FDB4455,CUST1455,3,9/27/2026
FDB4456,CUST1456,3,9/30/2026
FDB4457,CUST1457,3,10/3/2026
FDB4458,CUST1458,2,10/6/2026
FDB4459,CUST1459,3,10/9/2026
FDB4460,CUST1460,1,10/12/2026
FDB4461,CUST1461,4,10/15/2026
FDB4462,CUST1462,4,10/18/2026
FDB4463,CUST1463,5,10/21/2026
FDB4464,CUST1464,1,10/24/2026
FDB4465,CUST1465,3,10/27/2026
FDB4466,CUST1466,4,10/30/2026
FDB4467,CUST1467,1,11/2/2026
FDB4468,CUST1468,4,11/5/2026
FDB4469,CUST1469,3,11/8/2026
FDB4470,CUST1470,4,11/11/2026
FDB4471,CUST1471,5,11/14/2026
FDB4472,CUST1472,5,11/17/2026
FDB4473,CUST1473,4,11/20/2026
FDB4474,CUST1474,1,11/23/2026
FDB4475,CUST1475,1,11/26/2026
FDB4476,CUST1476,1,11/29/2026
FDB4477,CUST1477,4,12/2/2026
FDB4478,CUST1478,1,12/5/2026
FDB4479,CUST1479,3,12/8/2026
FDB4480,CUST1480,5,12/11/2026
FDB4481,CUST1481,3,12/14/2026
FDB4482,CUST1482,1,12/17/2026
FDB4483,CUST1483,3,12/20/2026
FDB4484,CUST1484,1,12/23/2026
FDB4485,CUST1485,4,12/26/2026
FDB4486,CUST1486,3,12/29/2026
FDB4487,CUST1487,4,1/1/2027
FDB4488,CUST1488,4,1/4/2027
FDB4489,CUST1489,2,1/7/2027
FDB4490,CUST1490,1,1/10/2027
FDB4491,CUST1491,5,1/13/2027
FDB4492,CUST1492,1,1/16/2027
FDB4493,CUST1493,5,1/19/2027
FDB4494,CUST1494,1,1/22/2027
FDB4495,CUST1495,4,1/25/2027
FDB4496,CUST1496,3,1/28/2027
FDB4497,CUST1497,3,1/31/2027
FDB4498,CUST1498,2,2/3/2027
FDB4499,CUST1499,5,2/6/2027
